username,codiceFilm
matteo.esposti,F002
matteo.esposti,F003
matteo.esposti,F009
matteo.esposti,F017
matteo.esposti,F081
paolo.carvelli,F005
paolo.carvelli,F015
paolo.carvelli,F026
paolo.carvelli,F054
paolo.carvelli,F099
filippo.marciano,F004
filippo.marciano,F023
filippo.marciano,F038
filippo.marciano,F056
filippo.marciano,F082
luca.rossi,F003
luca.rossi,F019
luca.rossi,F028
luca.rossi,F045
luca.rossi,F069
giulia.bianchi,F007
giulia.bianchi,F010
giulia.bianchi,F087
giulia.bianchi,F100
giulia.bianchi,F091
alessandro.verdi,F012
alessandro.verdi,F037
alessandro.verdi,F049
alessandro.verdi,F073
alessandro.verdi,F089
sara.ferrari,F008
sara.ferrari,F029
sara.ferrari,F036
sara.ferrari,F064
sara.ferrari,F086
davide.romano,F006
davide.romano,F014
davide.romano,F042
davide.romano,F058
davide.romano,F094
chiara.galli,F021
chiara.galli,F024
chiara.galli,F047
chiara.galli,F057
chiara.galli,F088
simone.conti,F018
simone.conti,F030
simone.conti,F050
simone.conti,F076
simone.conti,F084
elena.moretti,F013
elena.moretti,F025
elena.moretti,F040
elena.moretti,F072
elena.moretti,F090
marco.deluca,F011
marco.deluca,F063
marco.deluca,F085
marco.deluca,F096
marco.deluca,F056
francesca.rinaldi,F016
francesca.rinaldi,F041
francesca.rinaldi,F051
francesca.rinaldi,F083
francesca.rinaldi,F097
andrea.greco,F031
andrea.greco,F035
andrea.greco,F065
andrea.greco,F071
andrea.greco,F077
martina.fontana,F020
martina.fontana,F055
martina.fontana,F067
martina.fontana,F075
martina.fontana,F079
riccardo.marchetti,F022
riccardo.marchetti,F034
riccardo.marchetti,F062
riccardo.marchetti,F078
riccardo.marchetti,F099
valentina.colombo,F027
valentina.colombo,F044
valentina.colombo,F052
valentina.colombo,F068
valentina.colombo,F080
gabriele.testa,F032
gabriele.testa,F066
gabriele.testa,F071
gabriele.testa,F084
gabriele.testa,F088
federica.barbieri,F033
federica.barbieri,F039
federica.barbieri,F057
federica.barbieri,F095
federica.barbieri,F024
stefano.serra,F043
stefano.serra,F045
stefano.serra,F081
stefano.serra,F085
stefano.serra,F089
beatrice.lombardi,F046
beatrice.lombardi,F070
beatrice.lombardi,F074
beatrice.lombardi,F091
beatrice.lombardi,F100
matteo.esposti,F0202
paolo.carvelli,F0202
filippo.marciano,F0202matteo.esposti,F004
matteo.esposti,F004
matteo.esposti,F085
matteo.esposti,F087
matteo.esposti,F089
matteo.esposti,F091
matteo.esposti,
matteo.esposti,
matteo.esposti,F067
matteo.esposti,F067
matteo.esposti,F067
matteo.esposti,F067
matteo.esposti,F092
matteo.esposti,F092
matteo.esposti,F019
matteo.esposti,F063
matteo.esposti,F069
matteo.esposti,
